date,NAICS  Code,company,Location,Local Area,laid_off,Effective  Date,Type,_source,_scraped_at,sector,company_original,_headcount_imputed,month
2026-07-24,334220,EchoStar Corporation (Lakewood facility),"100 Lakeforest Blvd. Gaithersburg, MD 20877",Montgomery County,42,09/22/2026,Mass Layoff - No Recall,WARN Act (https://www.dllr.state.md.us/employment/warn.shtml),2026-08-03T17:59:37.657912,Unknown,EchoStar Corporation (Lakewood facility),False,2026-07
2026-07-24,334220,EchoStar Corporation (Lakewood facility),"11717 Exploration Lane Germantown, MD 20876",Montgomery County,48,09/22/2026,Mass Layoff - No Recall,WARN Act (https://www.dllr.state.md.us/employment/warn.shtml),2026-08-03T17:59:37.657912,Unknown,EchoStar Corporation (Germantown EXM facility),False,2026-07
2026-07-24,334220,EchoStar Corporation (Lakewood facility),"19710 Observation Drive Germantown, MD 20876",Montgomery County,240,09/22/2026,Mass Layoff - No Recall,WARN Act (https://www.dllr.state.md.us/employment/warn.shtml),2026-08-03T17:59:37.657912,Unknown,EchoStar Corporation (Germantown EXP facility),False,2026-07
2026-07-24,541611,RP Professional Services LLC,"44927 George Washington Blvd. Ashburn, VA 20147",Statewide,4,09/24/2026,Mass Layoff - No Recall,WARN Act (https://www.dllr.state.md.us/employment/warn.shtml),2026-08-03T17:59:37.657912,Unknown,RP Professional Services LLC,False,2026-07
2026-07-20,541990,"Taft Broadcasting, LLC",6700 Taylor Avenue,Anne Arundel,2,09/30/2026,Mass Layoff - No Recall,WARN Act (https://www.dllr.state.md.us/employment/warn.shtml),2026-08-03T17:59:37.657912,Unknown,"Taft Broadcasting, LLC",False,2026-07
2026-07-07,336211,Dejana Truck and Utility Equipment,"6901 Rolling Mill Road Baltimore, MD 21224",Baltimore County,39,07/08/2026 - 08/17/2026,Temporary Furlough,WARN Act (https://www.dllr.state.md.us/employment/warn.shtml),2026-08-03T17:59:37.657912,Unknown,Dejana Truck and Utility Equipment,False,2026-07
2026-07-06,518210,ZeniMax Online Studios,"200 International Circle Cockeysville, MD 21030",Baltimore County,213,09/04/2026,Mass Layoff - No Recall,WARN Act (https://www.dllr.state.md.us/employment/warn.shtml),2026-08-03T17:59:37.657912,Unknown,ZeniMax Online Studios,False,2026-07
2026-07-06,511210,ZeniMax Media Inc.,"1370 Piccard Drive Rockville, MD 21030",Montgomery County,166,09/04/2026,Mass Layoff - No Recall,WARN Act (https://www.dllr.state.md.us/employment/warn.shtml),2026-08-03T17:59:37.657912,Unknown,ZeniMax Media Inc.,False,2026-07
2026-07-06,238150,"DRB Systems, Inc.","1407 Parker Road Halethorpe, MD 21227",Baltimore County,17,09/04/2026,Mass Layoff - Temporary,WARN Act (https://www.dllr.state.md.us/employment/warn.shtml),2026-08-03T17:59:37.657912,Unknown,"Pioneer Cladding & Glazing Systems, Inc.",False,2026-07
2026-07-02,541512,General Dynamics Information Technology,"19901 Germantown Road Germantown, MD 20874",Montgomery County,32,08/31/2026,Mass Layoff - No Recall,WARN Act (https://www.dllr.state.md.us/employment/warn.shtml),2026-08-03T17:59:37.657912,Unknown,General Dynamics Information Technology,False,2026-07
2026-07-01,456199,Kirson Medical LLC,"8801 Kelso Drive Essex, MD 21221",Baltimore County,20,07/26/2026,Plant Closure,WARN Act (https://www.dllr.state.md.us/employment/warn.shtml),2026-08-03T17:59:37.657912,Unknown,Kirson Medical LLC,False,2026-07
2026-06-29,561990,"Conduent Commercial Solutions, LLC","100 Campus Drive Florham Park, NJ 07932",Statewide,5,08/28/2026,Mass Layoff - No Recall,WARN Act (https://www.dllr.state.md.us/employment/warn.shtml),2026-08-03T17:59:37.657912,Unknown,"Conduent Commercial Solutions, LLC",False,2026-06
2026-06-26,611110,The Banner School Inc,"217 Dill Avenue Frederick, MD 21702",Frederick,19,06/30/2026,Plant Closure,WARN Act (https://www.dllr.state.md.us/employment/warn.shtml),2026-08-03T17:59:37.657912,Unknown,The Banner School Inc,False,2026-06
2026-06-15,812332,"Vestis Services, LLC","1035 Alpharetta Street, Suite 2100 Roswell, Georgia 30075",Statewide,3,08/15/2026,Mass Layoff - No Recall,WARN Act (https://www.dllr.state.md.us/employment/warn.shtml),2026-08-03T17:59:37.657912,Unknown,"Vestis Services, LLC",False,2026-06
2026-06-12,484121,"F4L TRANS, LLC","5801 Columbia Park Road Hyattsville, MD 20785",Prince George's,33,06/13/2026,Mass Layoff - No Recall,WARN Act (https://www.dllr.state.md.us/employment/warn.shtml),2026-08-03T17:59:37.657912,Unknown,"F4L TRANS, LLC",False,2026-06
2026-06-08,488119,"AGI Ground, Inc.","7050 Friendship Rd Baltimore, MD 21240",Anne Arundel,54,05/02/2026 - 06/02/2026,Plant Closure,WARN Act (https://www.dllr.state.md.us/employment/warn.shtml),2026-08-03T17:59:37.657912,Unknown,"AGI Ground, Inc.",False,2026-06
2026-06-04,624410,Kennedy Krieger Institute,"3901 Greenspring Drive Baltimore, MD 21211",Baltimore City,8,08/07/2026,"Mass Layoff - No Recall Note: Performing work at the Center for Autism Services, Science and Innovation- Classrooms",WARN Act (https://www.dllr.state.md.us/employment/warn.shtml),2026-08-03T17:59:37.657912,Unknown,Kennedy Krieger Institute,False,2026-06
2026-06-04,624410,Kennedy Krieger Institute,"7000 Tudsbury Road Baltimore, MD 21244",Baltimore County,18,08/07/2026,Mass Layoff - No Recall Note: Performing work the Early Childhood Development and Education Center,WARN Act (https://www.dllr.state.md.us/employment/warn.shtml),2026-08-03T17:59:37.657912,Unknown,Kennedy Krieger Institute,False,2026-06
2026-06-03,492110,Federal Express Corporation,"5255 Falcon Drive Salisbury, MD 21804",Lower Shore,25,08/03/2026,Mass Layoff - No Recall: Note: Performing work at SBYA facility,WARN Act (https://www.dllr.state.md.us/employment/warn.shtml),2026-08-03T17:59:37.657912,Unknown,Federal Express Corporation,False,2026-06
2026-05-22,541330,General Dynamics Information Technology,"6555 Rock Spring Drive, Bethesda, MD 20817",Montgomery County,34,07/22/2026,Mass Layoff - No Recall,WARN Act (https://www.dllr.state.md.us/employment/warn.shtml),2026-08-03T17:59:37.657912,Unknown,General Dynamics Information Technology,False,2026-05
2026-05-18,622110,ChristianaCare,"106 Bow Street Elkton, MD 21921",Susquehanna,31,07/18/2026,"Mass Layoff - No Recall Note: Performing work at Family Birth Center located in Union Hospital of Cecil County, Inc.",WARN Act (https://www.dllr.state.md.us/employment/warn.shtml),2026-08-03T17:59:37.657912,Unknown,ChristianaCare,False,2026-05
2026-05-20,522110,U.S. Bank,"4527 Metropolitan Ct Frederick, MD 21704",Frederick,36,07/24/2026,Mass Layoff,WARN Act (https://www.dllr.state.md.us/employment/warn.shtml),2026-08-03T17:59:37.657912,Unknown,U.S. Bank,False,2026-05
2026-05-20,333318,"DRB Systems, Inc.","7125 Troy Hill Dr, Elkridge, MD 21075",Howard,33,07/27/2026,Plant Closure,WARN Act (https://www.dllr.state.md.us/employment/warn.shtml),2026-08-03T17:59:37.657912,Unknown,"DRB Systems, Inc.",False,2026-05
2026-05-13,488510,"Diamond Transportation Services, Inc.","3201 Hubbard Road Landover, MD 20785",Prince George's,571,05/12/2026,Plant Closure,WARN Act (https://www.dllr.state.md.us/employment/warn.shtml),2026-08-03T17:59:37.657912,Unknown,"Diamond Transportation Services, Inc.",False,2026-05
2026-05-06,621610,"Sibley- Suburban Home Health Agency, Inc. d/b/a Potomac Home Health Care and Potomac Home Support, Inc.","6700A Rockledge Drive, Suite 200 Bethesda, Maryland 20817",Montgomery County,163,07/06/2026,Plant Closure,WARN Act (https://www.dllr.state.md.us/employment/warn.shtml),2026-08-03T17:59:37.657912,Unknown,"Sibley- Suburban Home Health Agency, Inc. d/b/a Potomac Home Health Care and Potomac Home Support, Inc.",False,2026-05
2026-05-04,325412,Tishcon Corp.,"2410 Zion Road & 818 Brown Street Salisbury, MD 21801",Lower Shore,134,07/03/2026-12/18/2026,Plant Closure,WARN Act (https://www.dllr.state.md.us/employment/warn.shtml),2026-08-03T17:59:37.657912,Unknown,Tishcon Corp.,False,2026-05
2026-05-04,481111,Spirit Airlines,"Baltimore Washington International Thurgood Marshall Airport (BWI) 7050 Friendship Rd., Baltimore, MD 21240",Anne Arundel,13,05/02/2026,Plant Closure,WARN Act (https://www.dllr.state.md.us/employment/warn.shtml),2026-08-03T17:59:37.657912,Unknown,Spirit Airlines,False,2026-05
2026-04-30,325412,"Gilead Sciences, Inc.","800 King Farm Blvd, Suite 600 Rockville, MD 20850",Montgomery County,84,06/30/2026 -04/30/2027,Mass Layoff - No Recall,WARN Act (https://www.dllr.state.md.us/employment/warn.shtml),2026-08-03T17:59:37.657912,Unknown,"Gilead Sciences, Inc.",False,2026-04
2026-04-29,531210,CBRE Government & Defense Services,"9000 Rockville Pike, Building 10, Room B D19 Bethesda, MD 20892",Montgomery County,174,05/17/2026,Mass Layoff - No Recall,WARN Act (https://www.dllr.state.md.us/employment/warn.shtml),2026-08-03T17:59:37.657912,Unknown,CBRE Government & Defense Services,False,2026-04
2026-04-29,624110,"Tuerk House, Inc.","2700 Rayner Avenue Baltimore, MD 21216",Baltimore City,31,06/30/2026,Plant Closure,WARN Act (https://www.dllr.state.md.us/employment/warn.shtml),2026-08-03T17:59:37.657912,Unknown,"Tuerk House, Inc.",False,2026-04
2026-04-29,561720,Crothall Healthcare,"100 E. Carroll St Salisbury, MD 21801",Lower Shore,109,07/01/2026,"Mass Layoff - No Recall Note: Work performed at the clientâs facility, TidalHealth Peninsula Regional",WARN Act (https://www.dllr.state.md.us/employment/warn.shtml),2026-08-03T17:59:37.657912,Unknown,Crothall Healthcare,False,2026-04
2026-04-23,443142,Apple Inc.,"825 Dulaney Valley Road Towson, Maryland 21204",Baltimore County,78,06/24/2026,Plant Closure 	Note: Store located in Towson Town Center Mall,WARN Act (https://www.dllr.state.md.us/employment/warn.shtml),2026-08-03T17:59:37.657912,Unknown,Apple Inc.,False,2026-04
2026-04-23,424820,"Republic National Distributing Company, LLC","8201 Stayton Drive Jessup, MD 20794",Howard County,318,06/21/2026,Mass Layoff - No Recall,WARN Act (https://www.dllr.state.md.us/employment/warn.shtml),2026-08-03T17:59:37.657912,Unknown,"Republic National Distributing Company, LLC",False,2026-04
2026-04-21,327215,"Trulite Glass & Aluminum Services, LLC","2190 Urbana Pike Ijamsville, MD 21754",Frederick,21,06/19/2026,Plant Closure,WARN Act (https://www.dllr.state.md.us/employment/warn.shtml),2026-08-03T17:59:37.657912,Unknown,"Trulite Glass & Aluminum Services, LLC",False,2026-04
2026-04-20,722511,Stoney River Steakhouse & Grill,"825 Dulaney Valley Road Towson, MD 21204",Baltimore County,68,06/26/2026,Plant Closure,WARN Act (https://www.dllr.state.md.us/employment/warn.shtml),2026-08-03T17:59:37.657912,Unknown,Stoney River Steakhouse & Grill,False,2026-04
2026-04-14,541512,Hendall Inc.,"1803 Research Blvd, Suite 300 Rockville, MD 20850",Montgomery County,50,06/10/2026,"Mass Layoff - No RecallNote: Temporary, may become permanent",WARN Act (https://www.dllr.state.md.us/employment/warn.shtml),2026-08-03T17:59:37.657912,Unknown,Hendall Inc.,False,2026-04
2026-04-06,334413,Leidos,"3300 Lord Baltimore Drive Windsor Mill, MD 21244",Baltimore County,156,06/05/2026,Mass Layoff - No Recall,WARN Act (https://www.dllr.state.md.us/employment/warn.shtml),2026-08-03T17:59:37.657912,Unknown,Leidos,False,2026-04
2026-04-03,423110,"Cox Automotive Corp Svc., LLC","4805 Philadelphia Road Belcamp, MD 21014",Susquehanna,70,06/05/2026,Mass Layoff - No Recall,WARN Act (https://www.dllr.state.md.us/employment/warn.shtml),2026-08-03T17:59:37.657912,Unknown,"Cox Automotive Corp Svc., LLC",False,2026-04
2026-04-02,541519,Leidos,"6910 Cooper Ave Fort Meade, MD 20755",Anne Arundel,71,05/31/2026,Mass Layoff - No Recall,WARN Act (https://www.dllr.state.md.us/employment/warn.shtml),2026-08-03T17:59:37.657912,Unknown,Leidos,False,2026-04
2026-04-02,541519,"Tyto Athene, LLC","6910 Cooper Ave Fort Meade, MD 20755",Anne Arundel,39,05/31/2026,Mass Layoff - No Recall,WARN Act (https://www.dllr.state.md.us/employment/warn.shtml),2026-08-03T17:59:37.657912,Unknown,"Tyto Athene, LLC",False,2026-04
2026-04-01,493110,Legacy Supply Chain,"238 Belvidere Road Perryville, MD 21903",Susquehanna,21,06/06/2026,Mass Layoff - No Recall,WARN Act (https://www.dllr.state.md.us/employment/warn.shtml),2026-08-03T17:59:37.657912,Unknown,Legacy Supply Chain,False,2026-04
2026-04-01,541330,General Dynamics Information Technology,"5601 Fishers Lane Rockville, MD 20852",Montgomery County,74,06/01/2026,Mass Layoff - No Recall,WARN Act (https://www.dllr.state.md.us/employment/warn.shtml),2026-08-03T17:59:37.657912,Unknown,General Dynamics Information Technology,False,2026-04
2026-03-31,326199,"*RESCINDED* Advanced Packaging, Inc.","4818 Seton Drive Baltimore, MD 21215",Baltimore City,18,06/01/2026,Plant Closure,WARN Act (https://www.dllr.state.md.us/employment/warn.shtml),2026-08-03T17:59:37.657912,Unknown,"*RESCINDED* Advanced Packaging, Inc.",False,2026-03
2026-03-30,541715,Carnegie Institution for Science,"3520 San Martin Drive Baltimore, MD 21218",Baltimore City,15,06/30/2026,Mass Layoff - No Recall,WARN Act (https://www.dllr.state.md.us/employment/warn.shtml),2026-08-03T17:59:37.657912,Unknown,Carnegie Institution for Science,False,2026-03
2026-03-27,541330,General Dynamics Information Technology,"4600 Sangamore Road Bethesda, MD 20816",Montgomery County,21,05/29/2026,Mass Layoff - No Recall,WARN Act (https://www.dllr.state.md.us/employment/warn.shtml),2026-08-03T17:59:37.657912,Unknown,General Dynamics Information Technology,False,2026-03
2026-03-26,311511,"Maryland and Virginia Milk Producers Cooperative Association, Inc. d/b/a Maola","8321 Leishear Road Laurel, Maryland 20723",Howard County,72,06/01/2026 - 12/31/2026,Plant Closure,WARN Act (https://www.dllr.state.md.us/employment/warn.shtml),2026-08-03T17:59:37.657912,Unknown,"Maryland and Virginia Milk Producers Cooperative Association, Inc. d/b/a Maola",False,2026-03
2026-03-25,325180,Evonik Corporation,"701 Fountain Street Havre De Grace, MD 21078",Susquehanna,34,06/30/2026 - 12/31/2026,Plant Closure,WARN Act (https://www.dllr.state.md.us/employment/warn.shtml),2026-08-03T17:59:37.657912,Unknown,Evonik Corporation,False,2026-03
2026-03-19,562920,"PedalPoint EvTerra Recycling, LLC","7118 Geoffrey Way, Unit E Frederick, MD 21704",Frederick,17,05/19/2026,Plant Closure,WARN Act (https://www.dllr.state.md.us/employment/warn.shtml),2026-08-03T17:59:37.657912,Unknown,"PedalPoint EvTerra Recycling, LLC",False,2026-03
2026-03-17,311812,"Panera, LLC","7801 Dorsey Run Jessup, MD 20794",Howard County,118,05/20/2026 - 05/22/2026,Plant Closure,WARN Act (https://www.dllr.state.md.us/employment/warn.shtml),2026-08-03T17:59:37.657912,Unknown,"Panera, LLC",False,2026-03
2026-03-13,561210,"Bering Global Solutions, LLC (BGS) - CBD","5813 Bayside Rd Chesapeake Beach, MD 20732",Southern Maryland,21,03/31/2026,Mass Layoff - No Recall,WARN Act (https://www.dllr.state.md.us/employment/warn.shtml),2026-08-03T17:59:37.657912,Unknown,"Bering Global Solutions, LLC (BGS) - CBD",False,2026-03
2026-03-13,561210,"Bering Global Solutions, LLC (BGS) - CBD","9500 Macarthur Blvd. Bethesda, MD 20817",Montgomery County,6,03/31/2026,Mass Layoff - No Recall,WARN Act (https://www.dllr.state.md.us/employment/warn.shtml),2026-08-03T17:59:37.657912,Unknown,"Bering Global Solutions, LLC (BGS) - Carderock",False,2026-03
2026-03-13,561210,"Bering Global Solutions, LLC (BGS) - CBD","8901 Rockville Pike Bethesda, MD 20889",Montgomery County,5,03/31/2026,Mass Layoff - No Recall,WARN Act (https://www.dllr.state.md.us/employment/warn.shtml),2026-08-03T17:59:37.657912,Unknown,"Bering Global Solutions, LLC (BGS) - Bethesda",False,2026-03
2026-03-11,424470,United Source One,"4610 Mercedes Drive, Suite 110  Belcamp, MD 21017",Susquehanna,8,03/04/2026,Mass Layoff - No Recall,WARN Act (https://www.dllr.state.md.us/employment/warn.shtml),2026-08-03T17:59:37.657912,Unknown,United Source One,False,2026-03
2026-03-09,541330,Amentum,"10530 Riverview Road  Fort Washington, MD 20744",Prince Georgeâs,9,05/03/2026,Mass Layoff - No Recall,WARN Act (https://www.dllr.state.md.us/employment/warn.shtml),2026-08-03T17:59:37.657912,Unknown,Amentum,False,2026-03
2026-03-09,541330,Amentum,"4251 Suitland Road  Suitland, MD 20746",Prince Georgeâs,27,05/03/2026,Mass Layoff - No Recall,WARN Act (https://www.dllr.state.md.us/employment/warn.shtml),2026-08-03T17:59:37.657912,Unknown,Amentum,False,2026-03
2026-03-09,325412,"Horizon Therapeutics USA, Inc.","9605 Medical Center Drive, Suite 325  Rockville, MD 20850",Montgomery County,22,05/08/2026,Mass Layoff - No Recall,WARN Act (https://www.dllr.state.md.us/employment/warn.shtml),2026-08-03T17:59:37.657912,Unknown,"Horizon Therapeutics USA, Inc.",False,2026-03
2026-03-06,458110,Saks & Company LLC,"5555 Wisconsin Avenue  Chevy Chase, MD 20815",Montgomery County,75,05/06/2026 - 05/31/2026,Plant Closure,WARN Act (https://www.dllr.state.md.us/employment/warn.shtml),2026-08-03T17:59:37.657912,Unknown,Saks & Company LLC,False,2026-03
2026-03-06,611430,C2 Technologies,"7601 Lewinsville Road, Suite 200  McLean, Virginia 22102",Statewide,1,03/06/2026,Mass Layoff - No Recall,WARN Act (https://www.dllr.state.md.us/employment/warn.shtml),2026-08-03T17:59:37.657912,Unknown,C2 Technologies,False,2026-03
2026-03-03,335129,Excelitas,"910 Clopper Road  Gaithersburg, MD 20878",Montgomery County,30,05/15/2026 - 10/31/2026,Mass Layoff - No Recall,WARN Act (https://www.dllr.state.md.us/employment/warn.shtml),2026-08-03T17:59:37.657912,Unknown,Excelitas,False,2026-03
2026-03-02,711110,"IPIC Theaters, LLC","11830 Grand Park Avenue  North Bethesda, MD 20852",Montgomery County,116,04/28/2026,Plant Closure,WARN Act (https://www.dllr.state.md.us/employment/warn.shtml),2026-08-03T17:59:37.657912,Unknown,"IPIC Theaters, LLC",False,2026-03
2026-02-24,333413,Viskon-Aire Corporation,"410 Winfield Avenue  Salisbury, MD 21801",Lower Shore,51,04/13/2026- 09/30/2026,Plant Closure,WARN Act (https://www.dllr.state.md.us/employment/warn.shtml),2026-08-03T17:59:37.657912,Unknown,Viskon-Aire Corporation,False,2026-02
2026-02-23,492210,Duality Ventures LLC,"16604 Industrial Lane  Williamsport, MD 21795",Western Maryland,98,03/21/2026,Plant Closure,WARN Act (https://www.dllr.state.md.us/employment/warn.shtml),2026-08-03T17:59:37.657912,Unknown,Duality Ventures LLC,False,2026-02
2026-02-19,487210,"Hornblower Cruises and Events, LLC","575 S. Charles Street, Suite 506, Baltimore, MD 21201",Baltimore City,51,04/25/2026,Mass Layoff - No Recall,WARN Act (https://www.dllr.state.md.us/employment/warn.shtml),2026-08-03T17:59:37.657912,Unknown,"Hornblower Cruises and Events, LLC",False,2026-02
2026-02-19,325412,"Catalent  Maryland, Inc.","7555 Harmans  Road  Harmans, MD  21077",Anne Arundel County,93,04/19/2026,Mass Layoff - No Recall,WARN Act (https://www.dllr.state.md.us/employment/warn.shtml),2026-08-03T17:59:37.657912,Unknown,"Catalent  Maryland, Inc.",False,2026-02
2026-02-19,325412,"Catalent  Maryland, Inc.","801 West  Baltimore Street  Suite 302  Baltimore, MD  21201",Baltimore City,3,04/19/2026,Mass Layoff - No Recall,WARN Act (https://www.dllr.state.md.us/employment/warn.shtml),2026-08-03T17:59:37.657912,Unknown,"Catalent  Maryland, Inc.",False,2026-02
2026-02-17,424820,Breakthru Beverage Group,"525 Progress Drive, Suite K, Linthicum Heights, MD 21090",Anne Arundel County,35,04/18/2026,Mass Layoff - No Recall,WARN Act (https://www.dllr.state.md.us/employment/warn.shtml),2026-08-03T17:59:37.657912,Unknown,Breakthru Beverage Group,False,2026-02
2026-02-17,444110,"Loweâs Companies, Inc.","1000 Loweâs Blvd.  Mooresville, NC  28117",Statewide,5,04/19/2026 - 05/01/2026,Mass Layoff - No Recall,WARN Act (https://www.dllr.state.md.us/employment/warn.shtml),2026-08-03T17:59:37.657912,Unknown,"Loweâs Companies, Inc.",False,2026-02
2026-02-12,523940,T. Rowe Price,"1307 Point Street  Baltimore, MD 21231",Baltimore City,54,02/06/2026,Mass Layoff - No Recall,WARN Act (https://www.dllr.state.md.us/employment/warn.shtml),2026-08-03T17:59:37.657912,Unknown,T. Rowe Price,False,2026-02
2026-02-09,484110,Savage  Infrastructure  LLC,"354 Table Rock  Road  Oakland, MD  21550",Western Maryland,72,04/07/2026 - 04/21/2026,Plant Closure,WARN Act (https://www.dllr.state.md.us/employment/warn.shtml),2026-08-03T17:59:37.657912,Unknown,Savage  Infrastructure  LLC,False,2026-02
2026-02-06,561311,"LifeBridge Suburban Staffing, LLC","2850 N. Ridge Road  Ellicott City, MD",Howard County,23,03/07/2026- 04/06/2026,"Plant Closure  Note: Work performed at Ellicott City Ambulatory Surgery Center, L.L.L.P)",WARN Act (https://www.dllr.state.md.us/employment/warn.shtml),2026-08-03T17:59:37.657912,Unknown,"LifeBridge Suburban Staffing, LLC",False,2026-02
2026-02-04,484121,"NFI Interactive Technologies, LLC (NFI)","81 Belvedere Road Perryville, MD 21903",Susquehanna,40,03/30/2026,Plant Closure,WARN Act (https://www.dllr.state.md.us/employment/warn.shtml),2026-08-03T17:59:37.657912,Unknown,"NFI Interactive Technologies, LLC (NFI)",False,2026-02
2026-02-04,561499,"HGS CX Technologies, Inc. f/k/a HGS USA","12120 Rojas Drive El Paso, Texas",Statewide,92,03/31/2026 -04/14/2026,Mass Layoff - No Recall,WARN Act (https://www.dllr.state.md.us/employment/warn.shtml),2026-08-03T17:59:37.657912,Unknown,"HGS CX Technologies, Inc. f/k/a HGS USA",False,2026-02
2026-02-02,541715,"Charles River  Laboratories,  Inc.",3600 Cabover  Drive  Hanover MD  21076,Anne Arundel County,20,03/23/2026,Plant Closure,WARN Act (https://www.dllr.state.md.us/employment/warn.shtml),2026-08-03T17:59:37.657912,Unknown,"Charles River  Laboratories,  Inc.",False,2026-02
2026-01-30,523920,"MUFG Investor  Services (US),  LLC (MUIS)","805 King Farm  Boulevard, Suite  600  Rockville,MD  20850",Montgomery County,86,03/31/2026 -  06/30/2025,Mass Layoff - No  Recall,WARN Act (https://www.dllr.state.md.us/employment/warn.shtml),2026-08-03T17:59:37.657912,Unknown,"MUFG Investor  Services (US),  LLC (MUIS)",False,2026-01
2026-01-29,458110,Saks & Company LLC,"22705 Clarksburg Road  Clarksburg, MD 20871",Montgomery County,15,04/30/2026,Plant Closure,WARN Act (https://www.dllr.state.md.us/employment/warn.shtml),2026-08-03T17:59:37.657912,Unknown,Saks & Company LLC,False,2026-01
2026-01-29,458110,Saks & Company LLC,"7000 Arundel Mills Circle  Hanover, MD 21076",Anne Arundel County,16,04/30/2026,Plant Closure,WARN Act (https://www.dllr.state.md.us/employment/warn.shtml),2026-08-03T17:59:37.657912,Unknown,Saks & Company LLC,False,2026-01
2026-01-28,454110,Amazon - MAF1 facility,"5463 Wisconsin Ave.  Chevy Chase, MD 20815",Montgomery County,129,04/28/2026,Plant Closure,WARN Act (https://www.dllr.state.md.us/employment/warn.shtml),2026-08-03T17:59:37.657912,Unknown,Amazon - MAF1 facility,False,2026-01
2026-01-28,454110,Amazon - MAF1 facility,"8525 Chevy Chase Lake Terrace  Chevy Chase, MD 20815",Montgomery County,118,04/28/2026,Plant Closure,WARN Act (https://www.dllr.state.md.us/employment/warn.shtml),2026-08-03T17:59:37.657912,Unknown,Amazon - MAG5 facility,False,2026-01
2026-01-28,454110,Amazon - MAF1 facility,"15790 Shady Grove Road  Gaithersburg, MD  20877",Montgomery County,155,04/28/2026,Plant Closure,WARN Act (https://www.dllr.state.md.us/employment/warn.shtml),2026-08-03T17:59:37.657912,Unknown,Amazon - MAH5 facility,False,2026-01
2026-01-28,454110,Amazon - MAF1 facility,"6711 Ritchie Highway  Glen Burnie, MD  21061",Anne Arundel County,156,04/28/2026,Plant Closure,WARN Act (https://www.dllr.state.md.us/employment/warn.shtml),2026-08-03T17:59:37.657912,Unknown,Amazon - MAT8 facility,False,2026-01
2026-01-28,454110,Amazon - MAF1 facility,"12263 Prosperity Drive  Silver Spring, MD 20904",Montgomery County,184,04/28/2026,Plant Closure,WARN Act (https://www.dllr.state.md.us/employment/warn.shtml),2026-08-03T17:59:37.657912,Unknown,Amazon - MAV2 facility,False,2026-01
2026-01-15,445110,Weis Store #291,"15300 McMullen  Highway  Cumberland, MD  21502",Western Maryland,52,03/16/2026,Plant Closure,WARN Act (https://www.dllr.state.md.us/employment/warn.shtml),2026-08-03T17:59:37.657912,Unknown,Weis Store #291,False,2026-01
2026-01-14,444110,Home Depot  Design Center,"12087 Rockville  Pike  Rockville, MD  20852",Montgomery  County,85,03/14/2026,Plant Closure,WARN Act (https://www.dllr.state.md.us/employment/warn.shtml),2026-08-03T17:59:37.657912,Unknown,Home Depot  Design Center,False,2026-01
2026-01-14,518210,Peraton,"6201 Security  Blvd  Woodlawn, MD  21207",Baltimore  County,35,02/28/2026,Mass Layoff - No Recall,WARN Act (https://www.dllr.state.md.us/employment/warn.shtml),2026-08-03T17:59:37.657912,Unknown,Peraton,False,2026-01
2026-01-02,541512,"DRB Systems, Inc.","306 Sentinel  Drive, Suite 500,  Annapolis  Junction, MD  20701",Anne Arundel  County,55,03/02/2026 -  04/02/2026,Mass Layoff - No Recall,WARN Act (https://www.dllr.state.md.us/employment/warn.shtml),2026-08-03T17:59:37.657912,Unknown,"BAE Systems,  Inc.",False,2026-01
